{
  "hash": "900c68e2",
  "configHash": "4b6a3613",
  "lockfileHash": "7c13bb0f",
  "browserHash": "158386f0",
  "optimized": {
    "@angular/common": {
      "src": "../../../../../node_modules/@angular/common/fesm2022/common.mjs",
      "file": "@angular_common.js",
      "fileHash": "0edd9a07",
      "needsInterop": false
    },
    "@angular/common/http": {
      "src": "../../../../../node_modules/@angular/common/fesm2022/http.mjs",
      "file": "@angular_common_http.js",
      "fileHash": "c37707b5",
      "needsInterop": false
    },
    "@angular/core": {
      "src": "../../../../../node_modules/@angular/core/fesm2022/core.mjs",
      "file": "@angular_core.js",
      "fileHash": "693780b7",
      "needsInterop": false
    },
    "@angular/forms": {
      "src": "../../../../../node_modules/@angular/forms/fesm2022/forms.mjs",
      "file": "@angular_forms.js",
      "fileHash": "e22ca3e9",
      "needsInterop": false
    },
    "@angular/platform-browser": {
      "src": "../../../../../node_modules/@angular/platform-browser/fesm2022/platform-browser.mjs",
      "file": "@angular_platform-browser.js",
      "fileHash": "d7b6ee72",
      "needsInterop": false
    },
    "@angular/router": {
      "src": "../../../../../node_modules/@angular/router/fesm2022/router.mjs",
      "file": "@angular_router.js",
      "fileHash": "e342a3d8",
      "needsInterop": false
    }
  },
  "chunks": {
    "chunk-UBD6MHFD": {
      "file": "chunk-UBD6MHFD.js"
    },
    "chunk-EAJE57VE": {
      "file": "chunk-EAJE57VE.js"
    },
    "chunk-NCRJLOF7": {
      "file": "chunk-NCRJLOF7.js"
    },
    "chunk-BDK72RLS": {
      "file": "chunk-BDK72RLS.js"
    }
  }
}